"phase","task_id","summary","owner_agent","status","start_date","due_date","dependency","notes"
"M2","D1-1","数据源接入（轨迹/客流/天气/事件）","Data-Agent","Done","2026-03-27","2026-05-03","","execution/m2/D1-1_数据源接入实施说明_v1.0.md; execution/m2/D1-1_验证记录_2026-03-27.md; execution/m2/M2_评审记录_2026-03-27_第1轮.md"
"M2","D1-2","数据治理规则（异常、缺失、重复、延迟）","Data-Agent","Done","2026-03-27","2026-05-03","","execution/m2/D1-2_数据治理规则实施说明_v1.0.md; execution/m2/D1-2_验证记录_2026-03-27.md; execution/m2/M2_评审记录_2026-03-27_第2轮.md"
"M2","D1-3","地图匹配与时空对齐","Data-Agent","Done","2026-03-27","2026-05-03","","execution/m2/D1-3_地图匹配与时空对齐实施说明_v1.0.md; execution/m2/D1-3_验证记录_2026-03-27.md; execution/m2/M2_评审记录_2026-03-27_第3轮.md"
"M2","D1-4","特征工程管道（时间/空间/外部特征）","Data-Agent","Done","2026-03-27","2026-05-03","","execution/m2/D1-4_特征工程管道实施说明_v1.0.md; execution/m2/D1-4_验证记录_2026-03-27.md; execution/m2/M2_评审记录_2026-03-27_第4轮.md"
"M2","D1-5","数据质量监控与评分看板","Data-Agent","Done","2026-03-27","2026-05-03","","execution/m2/D1-5_数据质量监控与评分看板实施说明_v1.0.md; execution/m2/D1-5_验证记录_2026-03-27.md; execution/m2/M2_评审记录_2026-03-27_第5轮.md"
"M2","A1-1","基线模型（ARIMA/XGBoost）训练与评估","Algo-Agent","Done","2026-03-27","2026-05-03","","execution/m2/A1-1_基线模型训练与评估实施说明_v1.0.md; execution/m2/A1-1_验证记录_2026-03-27.md; execution/m2/M2_评审记录_2026-03-27_第6轮.md"
"M2","B1-1","核心 API（预测、拥堵、归因、地图图层）","Backend-Agent","Done","2026-03-27","2026-05-03","","execution/m2/B1-1_核心API实施说明_v1.0.md; execution/m2/B1-1_验证记录_2026-03-27.md; execution/m2/M2_评审记录_2026-03-27_第7轮.md"
"M2","B1-2","认证鉴权（JWT + RBAC）","Backend-Agent","Done","2026-03-27","2026-05-03","","execution/m2/B1-2_认证鉴权实施说明_v1.0.md; execution/m2/B1-2_验证记录_2026-03-27.md; execution/m2/M2_评审记录_2026-03-27_第8轮.md"
"M2","F1-1","页面骨架（驾驶舱/实时/预测/归因/管理）","Frontend-Agent","Done","2026-03-27","2026-05-03","","execution/m2/F1-1_页面骨架实施说明_v1.0.md; execution/m2/F1-1_验证记录_2026-03-27.md; execution/m2/M2_评审记录_2026-03-27_第9轮.md"
"M2","F1-2","WebGIS 图层（热力、事件、路段）","Frontend-Agent","Done","2026-03-27","2026-05-03","","execution/m2/F1-2_WebGIS图层实施说明_v1.0.md; execution/m2/F1-2_验证记录_2026-03-27.md; execution/m2/M2_评审记录_2026-03-27_第10轮.md"
"M2","O1-2","环境部署（dev/test/prod）","Ops-Agent","Done","2026-03-27","2026-05-03","","execution/m2/O1-2_环境部署实施说明_v1.0.md; execution/m2/O1-2_验证记录_2026-03-27.md; execution/m2/M2_评审记录_2026-03-27_第11轮.md"
"M2","","数据接入与治理管道（首版）","Data-Agent","Done","2026-03-27","2026-05-03","","D1-1~D1-5已完成"
"M2","","核心数据库表结构（含索引/分区）","Data-Agent","Done","2026-03-27","2026-05-03","","execution/m2/M2_核心数据库表结构实施说明_v1.0.md; execution/m2/M2_核心数据库表结构_验证记录_2026-03-27.md; execution/m2/M2_评审记录_2026-03-27_第12轮.md; data-pipeline/schema/output/schema_check_result.json"
"M2","","基线预测模型报告（ARIMA/XGBoost）","Algo-Agent","Done","2026-03-27","2026-05-03","","A1-1已完成"
"M2","","核心查询 API（预测/拥堵基础接口）","Backend-Agent","Done","2026-03-27","2026-05-03","","B1-1已完成"
"M2","","前端基础页面 + 地图基础图层","Frontend-Agent","Done","2026-03-27","2026-05-03","","F1-1/F1-2已完成"
